seed_page,status,http_status,content_type,error
https://www.mof.gov.sa/en/financialreport,success,200,text/html; charset=utf-8,
https://www.mof.gov.sa/en/financialreport/2016,success,200,text/html,
https://www.mof.gov.sa/en/financialreport/2016/,success,200,text/html,
https://www.mof.gov.sa/en/financialreport/2016/Pages/default.aspx,success,200,text/html,
https://www.mof.gov.sa/en/financialreport/2017,success,200,text/html; charset=utf-8,
https://www.mof.gov.sa/en/financialreport/2017/,success,200,text/html; charset=utf-8,
https://www.mof.gov.sa/en/financialreport/2017/Pages/default.aspx,success,200,text/html; charset=utf-8,
https://www.mof.gov.sa/en/financialreport/2018,success,200,text/html; charset=utf-8,
https://www.mof.gov.sa/en/financialreport/2018/,success,200,text/html; charset=utf-8,
https://www.mof.gov.sa/en/financialreport/2018/Pages/default.aspx,success,200,text/html; charset=utf-8,
https://www.mof.gov.sa/en/financialreport/2019,success,200,text/html; charset=utf-8,
https://www.mof.gov.sa/en/financialreport/2019/,success,200,text/html; charset=utf-8,
https://www.mof.gov.sa/en/financialreport/2019/Pages/default.aspx,success,200,text/html; charset=utf-8,
https://www.mof.gov.sa/en/financialreport/2020,success,200,text/html; charset=utf-8,
https://www.mof.gov.sa/en/financialreport/2020/,success,200,text/html; charset=utf-8,
https://www.mof.gov.sa/en/financialreport/2020/Pages/default.aspx,success,200,text/html; charset=utf-8,
https://www.mof.gov.sa/en/financialreport/2021,success,200,text/html; charset=utf-8,
https://www.mof.gov.sa/en/financialreport/2021/,success,200,text/html; charset=utf-8,
https://www.mof.gov.sa/en/financialreport/2021/Pages/default.aspx,success,200,text/html; charset=utf-8,
https://www.mof.gov.sa/en/financialreport/2022,success,200,text/html; charset=utf-8,
https://www.mof.gov.sa/en/financialreport/2022/,success,200,text/html; charset=utf-8,
https://www.mof.gov.sa/en/financialreport/2022/Pages/default.aspx,success,200,text/html; charset=utf-8,
https://www.mof.gov.sa/en/financialreport/2023,success,200,text/html; charset=utf-8,
https://www.mof.gov.sa/en/financialreport/2023/,success,200,text/html; charset=utf-8,
https://www.mof.gov.sa/en/financialreport/2023/Pages/default.aspx,success,200,text/html; charset=utf-8,
https://www.mof.gov.sa/en/financialreport/2024,success,200,text/html; charset=utf-8,
https://www.mof.gov.sa/en/financialreport/2024/,success,200,text/html; charset=utf-8,
https://www.mof.gov.sa/en/financialreport/2024/Pages/default.aspx,success,200,text/html; charset=utf-8,
https://www.mof.gov.sa/en/financialreport/2025,success,200,text/html; charset=utf-8,
https://www.mof.gov.sa/en/financialreport/2025/,success,200,text/html; charset=utf-8,
https://www.mof.gov.sa/en/financialreport/2025/Pages/default.aspx,success,200,text/html; charset=utf-8,
https://www.mof.gov.sa/en/financialreport/2026,success,200,text/html; charset=utf-8,
https://www.mof.gov.sa/en/financialreport/2026/,success,200,text/html; charset=utf-8,
https://www.mof.gov.sa/en/financialreport/2026/Pages/default.aspx,success,200,text/html; charset=utf-8,
